question,question_type,answer_option1,explanation1,answer_option2,explanation2,answer_option3,explanation3,answer_option4,explanation4,answer_option5,explanation5,answer_option6,explanation6,correct_answers,overall_explanation,domain
あなたの会社は、ASP.NetアプリケーションをホストするためにAzure仮想マシンを設定する予定です。会社のユーザーはインターネット経由でアプリケーションにアクセスします。ただし、アプリケーションにアクセスする前に、ユーザーは自分のEntra IDアカウントを使用して事前認証される必要があります。この要件を満たすためにどのソリューションをお勧めしますか？,multiple-choice,Entra ID エンタープライズアプリケーション,Entra IDエンタープライズアプリケーションは、ユーザーを自分のEntra IDアカウントを使用して事前認証するという要件を満たす最も適切なソリューションです。このソリューションはEntra IDアカウントとシームレスに統合され、Azure仮想マシン上にホストされたASP.Netアプリケーションにアクセスする前にユーザーが認証されることを保証します。,Azureトラフィックマネージャープロファイル,Azureトラフィックマネージャーは、ユーザーを自分のEntra IDアカウントを使用して事前認証するための適切なソリューションではありません。Azureトラフィックマネージャーは、DNSベースのトラフィック負荷分散装置であり、ルーティングルールに基づいてユーザーのトラフィックを特定のエンドポイントに誘導します。ユーザーのEntra IDアカウントによる事前認証に必要な機能は提供しません。,公開Azureロードバランサー,公開Azureロードバランサーは、ユーザーを自分のEntra IDアカウントで事前認証するために推奨されるソリューションではありません。Azureロートバランサーは、複数のサーバー間で着信ネットワークトラフィックを分配するLayer 4ロードバランサーです。Entra IDアカウントに基づくユーザー認証を処理する機能はありません。,Azureアプリケーションゲートウェイリソース,Azureアプリケーションゲートウェイリソースは、ユーザーを自分のEntra IDアカウントで事前認証するための理想的なソリューションではありません。Azureアプリケーションゲートウェイは、さまざまなアプリケーション配信コントローラー機能を提供するWebトラフィック負荷分散装置です。ルーティングや負荷分散には役立つ可能性がありますが、Entra IDアカウントに必要な特定の認証機能は提供しません。,,,,,1,,アイデンティティ、ガバナンスおよび監視ソリューションの設計 (25–30%)
ある企業が、Azure Web アプリを使用して .Net core ベースのアプリケーションを展開する計画を立てています。このアプリケーションは、以下を含むいくつかの要件を満たす必要があります：<ul><li>テストチームにさまざまなアプリケーションコンポーネントやそれらの間で行われる呼び出しを表示する能力を提供すること。</li><li>ビジネスがアプリケーションに戻ってくるユーザーの数を分析できるようにすること。</li><li>IT 管理者がアプリケーション内で満たされたクリティカルな条件に基づいてアラートを受け取ることを確実にすること。</li></ul>どの Azure サービスが、<em>IT 管理者がアプリケーション内で満たされたクリティカルな条件に基づいてアラートを受け取ることを確実にする</em>という要件に最適でしょうか？,multiple-choice,Application Insights,Application Insightsは、主にアプリケーションのパフォーマンスと使用状況を監視し分析するために使用されます。アプリケーションコンポーネントやユーザーの行動に関する貴重なインサイトを提供しますが、アプリケーション内で満たされたクリティカルな条件に基づいてIT管理者にアラートを送信するための最適な適合ではありません。,Azure Monitor,Azure Monitorは、アプリケーション内で満たされたクリティカルな条件に基づいてIT管理者がアラートを受け取ることを確実にするための最適なサービスです。アプリケーションやインフラストラクチャからのテレメトリデータを収集、分析、および処理するための包括的なソリューションを提供します。Azure Monitorを使用することで、管理者は特定のメトリック、ログ、イベントに基づいてアラートを設定し、クリティカルな条件に積極的に対応できます。,Azure Advisor,Azure Advisorは、ベストプラクティスに基づいてAzureリソースを最適化するための推奨事項を提供するサービスです。Azureの展開の効率性やパフォーマンスを向上させるのに役立ちますが、アプリケーション内で満たされたクリティカルな条件に基づいてIT管理者にアラートを送信するためには設計されていません。,Azure Policies,Azure Policiesは、組織の標準およびセキュリティ要件に準拠するためにAzureリソースにルールや規制を適用するために使用されます。ガバナンスやコンプライアンスのために重要ですが、アプリケーション内で満たされたクリティカルな条件に基づいてIT管理者にアラートを送信するための最適な適合ではありません。,,,,,2,,アイデンティティ、ガバナンス、監視ソリューションの設計 (25–30%)
ある企業がPremium P2ライセンスを購入し、Azureサブスクリプションとテナントを設定しました。各部門には独自のアイデンティティ管理要件があります：<br><img src='https://img-c.udemycdn.com/redactor/raw/practice_test_question/2024-05-07_05-51-18-de6433b8a52d4813aa10f1897958259a.png'>調達部門に対して、どの提案をしますか？,multiple-choice,マネージドサービスアイデンティティ,マネージドサービスアイデンティティは、主にサービスやアプリケーションがAzureリソースに安全にアクセスするために認証するために使用されます。調達のような特定の部門内でのユーザーアイデンティティ管理のためには設計されていません。,アイデンティティ保護,アイデンティティ保護は、ユーザーのアイデンティティを保護し、潜在的な脅威や脆弱性を検出することに重点を置いています。全体的なセキュリティにとって重要ですが、調達部門の特定のアイデンティティ管理ニーズに直接対処するものではありません。,特権アイデンティティ管理,特権アイデンティティ管理（PIM）は、調達部門に推奨される選択肢です。これは、部門内の特権アクセスの管理と監視を可能にします。厳格なアクセス制御を実装し、最小権限の原則を確実にすることができます。,エントラコネクト,Microsoft Entra Connectは、ハイブリッドアイデンティティの目標を達成するために設計されたオンプレミスのMicrosoftアプリケーションです。調達部門内でのユーザーアイデンティティ管理の具体的な要件には合致しません。,,,,,3,,アイデンティティ、ガバナンス、監視ソリューションの設計（25–30％）
ある企業がAzureプラットフォーム上にアプリケーションを展開する計画を立てています。このアプリケーションは、.Net Coreプログラミング言語を使用して開発され、Azure Webアプリにホストされます。アプリケーションには以下のいくつかの要件があります：<ul><li>Azureリソースの使用量とパフォーマンスデータを、実際のアプリケーションの設定およびパフォーマンスデータと相関させる機能を提供すること。</li><li>アプリケーションコンポーネント間の関係を視覚化する機能を提供すること。</li><li>アプリケーション内で特定のコード行に対するリクエストおよび例外を追跡できるようにすること。</li><li>ユーザーがアプリケーションに戻る方法を分析し、どのくらいの頻度で特定のドロップダウン値を選択するかを見る機能を提供すること。</li></ul>要件「Azureリソースの使用量とパフォーマンスデータを、実際のアプリケーションの設定およびパフォーマンスデータと相関させる機能を提供する」を最も満たすAzureサービスはどれですか？,multiple-choice,Azure Application Insights,Azure Application Insightsは、アプリケーションのパフォーマンスと使用状況を監視するのに役立つサービスです。アプリケーションのパフォーマンスと使用状況に関する洞察を提供しますが、Azureリソースの使用状況とアプリケーションパフォーマンスデータとの相関性を特に重視しているわけではありません。,Azure Service Map,Azure Service Mapは、アプリケーションコンポーネントと依存関係を自動的に発見するサービスです。アプリケーションコンポーネント間の関係を視覚化するのに役立ちますが、Azureリソースの使用状況とアプリケーションパフォーマンスデータとの相関性を特に提供することはありません。,Azure Log Analytics,Azure Log Analyticsは、Azureリソースやアプリケーションを含むさまざまなソースからデータを収集・分析するサービスです。Azureリソースの使用状況とパフォーマンスデータを実際のアプリケーションの設定およびパフォーマンスデータと相関させるために使用でき、この要件を最も満たす選択肢です。,Azure Activity Log,Azure Activity Logは、サブスクリプション内のリソースで実行された操作に関する洞察を提供します。Azureリソースに関連するアクティビティやイベントを追跡することはできますが、このシナリオで要求されたようにAzureリソースの使用状況をアプリケーションパフォーマンスデータと直接相関させることはできません。,,,,,3,,アイデンティティ、ガバナンス＆監視ソリューションの設計 (25–30%)
あなたの最高セキュリティ責任者が、新しいセキュリティガイドラインを発表し、次の2つの原則を強調しました：<ul><li>最小限のアクセス権と適時（JIT）アクセスの原則は、例外なく実践されるべきです。</li><li>一部のロールに付与された高レベルのアクセス権は、定期的に見直され、常に最小限のアクセス権と適時アクセスの原則が遵守されることを確認しなければなりません。</li></ul>これらの要件を満たすために、どのサービスを使用する予定ですか？,multi-select,PIM,PIM（特権アイデンティティ管理）は、Azure ADのロールに対して適時アクセスを提供することで、最小権限の原則を強制するのに役立つため、正しい選択です。必要に応じてユーザーが昇格したアクセスをリクエストでき、高レベルのアクセス権が限られた期間のみ付与されることを保証します。これは最高セキュリティ責任者が発表したセキュリティガイドラインに整合しています。,アイデンティティ保護,アイデンティティ保護は、最小権限の原則や適時アクセスを強制することとは直接関係がありません。アイデンティティに基づく攻撃から保護するのに役立ちますが、セキュリティガイドラインで述べられた要件に具体的に対処しているわけではありません。,アクセスレビュー,アクセスレビューは、ロールに付与された高レベルのアクセス権を定期的に見直し、検証するために不可欠です。定期的なアクセスレビューを実施することで、組織は最小限のアクセス権と適時アクセスの原則が常に遵守されることを確認できるため、セキュリティガイドラインの要件を満たすのに適した選択肢となります。,MFA,MFA（多要素認証）は、ユーザー認証のために追加の検証ステップを要求することでセキュリティを強化するのに重要です。MFAは良いセキュリティプラクティスですが、セキュリティガイドラインで述べられている最小権限の原則や適時アクセスの強制に直接関係するわけではありません。,,,,,"1,3",<a href='https://learn.microsoft.com/en-us/entra/id-governance/privileged-identity-management/pim-configure'>特権アイデンティティ管理とは？ - Microsoft Entra ID ガバナンス | Microsoft Learn</a><a href='https://learn.microsoft.com/en-us/entra/id-governance/access-reviews-overview'>アクセスレビューとは？ - Microsoft Entra - Microsoft Entra ID ガバナンス | Microsoft Learn</a>,アイデンティティ、ガバナンスおよび監視ソリューションの設計（25–30%）
あなたは、次のコンポーネントで構成されたAzure環境を会社のために設定する必要があります：<ul><li>ルート管理グループ</li><li>5つの子管理グループ</li><li>各子管理グループには5つのAzureサブスクリプションを含める</li><li>各サブスクリプションには約10のリソースグループを含める</li></ul>また、サブスクリプションとリソースグループの役割割り当ても行う必要があります。さらに、実装中の管理作業を最小限に抑えることを目指すべきです。これらの要件を満たすために、どの解決策を推奨しますか？,multiple-choice,Azureポリシー,Azureポリシーは、組織の標準を強制し、規模におけるコンプライアンスを評価するために使用されます。ガバナンスやコンプライアンスを支援することはできますが、質問で説明された管理グループ、サブスクリプション、およびリソースグループの階層構造を設定するための最も適切な解決策ではありません。,Azure Bicep,Azure Bicepは、Azureリソースを宣言的にデプロイするためのドメイン固有言語です。管理グループ、サブスクリプション、リソースグループを構造化された繰り返し可能な方法で定義し、デプロイすることを可能にします。Azure Bicepを使用することで、管理作業を最小限に抑えながら、質問で説明された全体のAzure環境を簡単に設定できます。,Microsoft Defender for Cloud,Microsoft Defender for Cloudは、Azureリソースを保護するためのクラウドネイティブなセキュリティソリューションです。セキュリティと脅威保護に不可欠ですが、質問で示された管理グループ、サブスクリプション、リソースグループの階層構造を設定することに直接関係するものではありません。,Azure特権ID管理,Azure特権ID管理（PIM）は、組織内のアクセスを管理、制御、および監視するのに役立ちます。特権アクセスの管理には重要ですが、質問で指定された管理グループ、サブスクリプション、およびリソースグループの階層構造を設定するための主要な解決策ではありません。,,,,,2,,アイデンティティ、ガバナンス、モニタリングソリューションの設計（25〜30％）
あなたの組織は複数のAzure Cosmos DBアカウントを運営しており、アプリケーション操作に適したAPIを提案する任務を負っています。利用可能なオプションの中から、JSONドキュメントに対応するAPIを選択するとしたら、どれになりますか？,multi-select,SQL,Azure Cosmos DBのSQL APIは、JSONドキュメントに対応するための最も適切な選択肢です。JSONデータをネイティブに保存し、SQL構文を使用してクエリを実行できるため、JSONドキュメントを効率的に扱うための多目的なオプションとなっています。,Table,Azure Cosmos DBのTable APIは、JSONドキュメントに対応するためのベストな選択肢ではありません。キーと値のペアを保存するために設計されており、JSONドキュメントを効果的に扱うために必要な柔軟性やクエリ機能を提供していません。,Gremlin,Azure Cosmos DBのGremlin APIは、グラフデータ向けに設計されているため、JSONドキュメントに対応するためには最も適切なオプションではありません。グラフのトラバーサルやクエリ実行に最適化されており、JSONデータを扱うには理想的ではないかもしれません。,Cassandra,Azure Cosmos DBのCassandra APIは、カラムファミリーデータモデル向けに設計されており、JSONドキュメントに対応するための最適な選択肢ではありません。JSONドキュメントの柔軟な性質よりも、固定スキーマを持つ構造化データの処理に適しています。,MongoDB,Azure Cosmos DBのMongoDB APIは、JSONドキュメントに対応するための素晴らしい選択肢です。ドキュメントベースのデータモデルを提供し、JSONドキュメントを効率的に保存し、クエリを実行するのに適しています。Azure Cosmos DBでJSONデータを扱うための豊富なクエリ機能と柔軟性を提供します。,,,"1,5",<a href='https://learn.microsoft.com/en-us/azure/cosmos-db/choose-api'>Azure Cosmos DBのAPIの選択について - Microsoft Learn</a><a href='https://learn.microsoft.com/en-us/azure/cosmos-db/mongodb/introduction'>Azure Cosmos DB for MongoDBの概要 - Microsoft Learn</a><a href='https://learn.microsoft.com/en-us/azure/cosmos-db/nosql/modeling-data'>Azure Cosmos DBにおけるデータのモデリング - Microsoft Learn</a>,データストレージソリューションの設計（20–25％）
ある会社は、アプリケーションのために Azure にデータストアを作成する必要があります。データストアは以下の基本要件を満たさなければなりません：<ul><li>JSON ベースのアイテムを保存できる能力</li><li>データストアに対して SQL のようなクエリを使用できる能力</li><li>データアイテムへの低レイテンシアクセス</li></ul>次の選択肢の中で、適切なデータストアとして提案するのはどれですか？,multiple-choice,Azure BLOB ストレージ,Azure BLOB ストレージは非構造化データ用のスケーラブルなオブジェクトストレージソリューションです。JSON ベースのアイテムを保存できますが、データストアに対して SQL のようなクエリをサポートしていないため、会社の要件には適していません。,Azure CosmosDB,Azure CosmosDB は、低レイテンシと高可用性を目的とした、グローバルに分散したマルチモデルデータベースサービスです。JSON ベースのアイテムを保存でき、データストアに対して SQL のようなクエリを許可するため、会社の要件には適した選択肢です。,Azure HDInsight,Azure HDInsight は、完全に管理された Apache Hadoop および Spark クラスターサービスです。大容量データを処理し、分析を行うことはできますが、JSON ベースのアイテムを保存したり SQL のようなクエリをサポートするために特別に設計されていないため、会社の要件にはあまり適していません。,Azure Redis,Azure Redis はインメモリデータストアで、キャッシュまたはメッセージブローカーとして使用できます。データアイテムへの低レイテンシアクセスを提供しますが、JSON ベースのアイテムを保存したり SQL のようなクエリをサポートするためには設計されておらず、Azure CosmosDB と比較して会社の要件にはあまり適していません。,,,,,2,,データストレージソリューションの設計 (20–25%)
あなたは、以下の要件を満たすためのAzure SQL DBの購入オプション、サービスレベル、およびハードウェア選択についての推奨を提供する任務を託されています：<ul><li>コンピュートおよびストレージオプションは独立して選択できるべきです。</li><li>データおよびログストレージの量を選択できるべきです。</li><li>バックアップストレージのレプリケーションオプション（LRS、ZRS、RA-GRSなど）を選択できるべきです。</li><li>コストは予約オプションを選択することで削減できます。</li><li>ハイブリッド特典を活用するべきです。</li></ul>上記のすべての要件を満たすモデルはどれでしょうか？,multiple-choice,vCore モード,Azure SQL DBのvCoreモデルは、コンピュートおよびストレージオプションの独立した選択を可能にし、最初の要件を満たすのに適しています。また、データおよびログストレージの量を選択できる機能や、LRS、ZRS、RA-GRSなどのバックアップストレージのレプリケーションオプションを選択できる機能も提供します。さらに、vCoreモデルはコスト削減のための予約オプションやハイブリッド特典をサポートしており、すべての要件を満たす推奨の選択肢です。,DTUモデル,Azure SQL DBのDTUモデルは、コンピュートおよびストレージオプションを独立して選択することを許可していないため、最初の要件を満たしていません。データおよびログストレージの量を選択するオプションはありますが、LRS、ZRS、RA-GRSなどのバックアップストレージのレプリケーションオプションをサポートしていません。また、DTUモデルはコスト削減のための予約オプションやハイブリッド特典も完全にはサポートしていないため、すべての要件を満たす推奨の選択肢ではありません。,サーバーレスモデル,Azure SQL DBのサーバーレスモデルは、コンピュートおよびストレージオプションを独立して選択する機能を提供していないため、最初の要件を満たしていません。使用状況に基づいてスケーリングの柔軟性は提供しますが、LRS、ZRS、RA-GRSなどのバックアップストレージのレプリケーションオプションをサポートしていません。サーバーレスモデルはコスト削減のための予約オプションやハイブリッド特典も完全にはサポートしていないため、すべての要件を満たす推奨の選択肢ではありません。,エラスティックプール,Azure SQL DBのエラスティックプールは、コンピュートおよびストレージオプションを独立して選択することを許可していないため、最初の要件を満たしていません。複数のデータベースに対して共有リソースを提供しますが、データおよびログストレージの量やLRS、ZRS、RA-GRSなどのバックアップストレージのレプリケーションオプションを選択する能力は提供しません。エラスティックプールはコスト削減のための予約オプションやハイブリッド特典も完全にはサポートしていないため、すべての要件を満たす推奨の選択肢ではありません。,,,,,1,,データストレージソリューションの設計 (20〜25%)
ある企業が、アプリケーションデータを保存するためにAzure SQLマネージドインスタンスを使用しています。インスタンスがワークロードの要求に対応できるようにするためには、どのパラメーターを構成すべきでしょうか？,multi-select,CPUコアの最大数を定義する。,CPUコアの最大数を設定することで、Azure SQLマネージドインスタンスがワークロードの要求に対応できるようにし、クエリや操作を効率的に実行するために必要な処理能力を提供します。,割り当てるストレージの最大容量を定義する。,割り当てるストレージの最大容量を定義することは、Azure SQLマネージドインスタンスがアプリケーションデータを保存するための十分なストレージ容量を持ち、ストレージ不足に陥ることなくワークロードの要求に対処できるようにするために重要です。,データベースあたりのリソースの最大数を定義する。,データベースあたりのリソースの最大数を定義することは、Azure SQLマネージドインスタンスがワークロードの要求に対応できるかどうかには直接関係ありません。このパラメーターは、インスタンス内の個々のデータベースの利用可能なリソースを制限するものであり、全体的なインスタンス容量には関係ありません。,データベースのグループごとの最大リソース制限を定義する。,データベースのグループごとの最大リソース制限を定義することは、Azure SQLマネージドインスタンスがワークロードの要求に対応できるかどうかには特に関連していません。このパラメーターは、インスタンス内のデータベースグループに利用可能なリソースを制限するものであり、全体的なインスタンス容量には関係ありません。,,,,,"1,2",<a href='https://learn.microsoft.com/en-us/azure/azure-sql/database/scale-resources?view=azuresql'>リソースのスケーリング - Azure SQL Database &amp; Azure SQL Managed Instance | Microsoft Learn</a><a href='https://learn.microsoft.com/en-us/azure/azure-sql/managed-instance/sql-managed-instance-paas-overview?view=azuresql'>Azure SQL Managed Instanceとは？ - Azure SQL Managed Instance | Microsoft Learn</a><a href='https://learn.microsoft.com/en-us/azure/azure-sql/managed-instance/service-tiers-managed-instance-vcore?view=azuresql&amp;tabs=azure-portal'>vCore購入モデル - Azure SQL Managed Instance | Microsoft Learn</a>,データストレージソリューションの設計（20–25％）
あるチームがAzure上にストレージアカウントを設定しました。このストレージアカウントには次のオブジェクトも存在しています：<img src='https://img-c.udemycdn.com/redactor/raw/practice_test_question/2024-05-07_08-33-54-b6dcc3440c4d1f7c1f95783c52764c17.png'>現在、Sample.txtファイルは...........に保存されています。（空欄に記入してください）,multiple-choice,最高のストレージコスト,Sample.txtファイルを最高のストレージコストで保存することはコスト効果が低く、チームに不必要な費用をもたらすことになります。Azureはさまざまなストレージティアを提供しており、実際のストレージニーズを考慮せずに最高コストのティアを選択すると、無駄な支出につながります。,最低のストレージコスト,Sample.txtファイルを最低のストレージコストで保存することは、チームにとって最もコスト効果の高い選択肢となります。最も低いコストのストレージティアを選ぶことで、チームはファイルのストレージ要件を満たしながら、ストレージ費用を効率的に管理することができます。,最低のデータ取得コスト,Sample.txtファイルを最低のデータ取得コストで保存することは、ストレージアカウントの設定とは直接関係ありません。データ取得コストは通常、ストレージアカウントからデータをアクセスしたり転送したりする際に関連するものであり、データ自体の保存コストには影響しません。したがって、データ取得コストはファイルがストレージアカウント内でどこに保存されるかに影響を及ぼしません。,プレミアムストレージコスト,Sample.txtファイルをプレミアムストレージコストで保存することは、チームにとって高い費用がかかる結果となります。プレミアムストレージティアは追加機能やパフォーマンス能力を提供しますが、標準ストレージティアと比較して高価です。チームが特にファイルに対してプレミアム機能を必要としない限り、プレミアムストレージコストで保存する必要はありません。,,,,,2,,データストレージソリューションの設計 (20–25%)
あなたの会社のために「GetCloudSkillsDB」という名前のAzure SQLデータベースを設定する必要があります。このデータベースは、以下の特定のセキュリティ要件を満たさなければなりません：<ul><li>ITヘルプデスクのスーパーバイザーが「customers」というテーブルをクエリする際、完全なクレジットカード番号を見ることができる必要があります。</li><li>ITヘルプデスクのオペレーターが同じ「customers」テーブルをクエリする際、各クレジットカード番号の最後の4桁のみを見ることができるべきです。</li><li>「customers」テーブルの「Credit Card rating」という列は、データベースシステム内で平文として表示されてはならない。</li></ul>「Credit Card rating」列のセキュリティ要件を満たすために実装できるオプションは次のうちどれですか？,multiple-choice,Always Encrypted,Always Encryptedは、クレジットカード番号などの機密データをクライアント側で暗号化し、データベースシステムが平文データを表示できないようにする機能です。クレジットカード番号の暗号化には役立ちますが、特定のユーザーに対して最後の4桁のみを表示するという要件には特化していません。,Defender for Endpoint,Defender for Endpointは、エンドポイントをサイバー脅威から保護するためのセキュリティソリューションです。Azure SQLデータベース内のデータ保護とは直接関係がないため、「customers」テーブルの「Credit Card rating」列をマスクする特定の要件には対処していません。,Transparent Data Encryption,Transparent Data Encryption (TDE)は、データベースファイルを暗号化することによって、データを保護します。データベース全体に対する暗号化を提供しますが、「customers」テーブルの「Credit Card rating」列のような特定の列を選択的にマスクする機能はありません。,Dynamic Data Masking,Dynamic Data Maskingは、Azure SQL Databaseの機能で、特定の列に対するマスキングルールを定義し、機密データの露出を制御することができます。これを使用して、ITヘルプデスクのスーパーバイザーには完全なクレジットカード番号を表示し、オペレーターには最後の4桁のみを表示することができ、「Credit Card rating」列の特定のセキュリティ要件を満たすことができます。,,,,,4,,データストレージソリューションの設計（20〜25％）
ある会社が、Azure Blob ストレージにアプリケーションのウェブアクセスログを保存しています。月末には、ログデータを自動的に Azure SQL データベースに送信してレポートを生成する必要があります。この要件に対してどのような解決策を提案しますか？,multiple-choice,Azure Data Factory,Azure Data Factory は、この要件に対する正しい解決策です。これはクラウドベースのデータ統合サービスであり、データの移動や変換のためのデータ駆動型ワークフローを作成することができます。月末にログデータをレポート生成のために Azure Blob ストレージから Azure SQL データベースへ簡単に転送できます。,データ移行アシスタント,データ移行アシスタントは、この要件に最も適したソリューションではありません。これは主にオンプレミスの SQL Server の新しいバージョンへの互換性の評価に使用されます。Azure Blob ストレージから Azure SQL データベースにログデータを自動的に転送するための必要な機能を提供しません。,Microsoft SQL Server 移行アシスタント (SSMA),Microsoft SQL Server 移行アシスタント (SSMA) は、オンプレミスの SQL Server データベースを Azure SQL データベースに移行するためのツールです。月次で Azure Blob ストレージから Azure SQL データベースにログデータを自動的に転送するための適切なツールではありません。,AzCopy,AzCopy は、データを Azure Blob ストレージへおよび Azure Blob ストレージからコピーするためのコマンドラインユーティリティです。ログデータを Azure Blob ストレージから Azure SQL データベースへ転送するために使用できますが、月末にこのプロセスをスケジュールし自動化するために必要な自動化およびオーケストレーション機能を提供しません。この要件には Azure Data Factory がより適しています。,,,,,1,,ビジネス継続ソリューションの設計 (15–20%)
あなたの組織は、Azureサブスクリプション内に以下の仮想マシンを provision しました：<img src='https://img-c.udemycdn.com/redactor/raw/practice_test_question/2024-05-07_08-56-20-cea3fdd7fdfada2415e1e6992b92f1af.png'>リカバリーサービスボールトが米国東部ゾーンに設定され、VM1とVM2を保護しています。さらに、Azure Recovery ServicesがVM3とVM4を保護することを確実にする必要があります。これを達成するために、どのステップを踏む必要がありますか？,multiple-choice,新しいリカバリーサービスポリシーを作成する。,新しいリカバリーサービスポリシーを作成することは、Azure Recovery ServicesでVM3とVM4を保護するための正しいステップではありません。リカバリーサービスポリシーはリソースのバックアップ設定を定義しますが、Azure Recovery ServicesでVMを保護するために必要な初期ステップではありません。,新しいバックアップポリシーを作成する。,新しいバックアップポリシーを作成することは、Azure Recovery ServicesでVM3とVM4を保護するための正しいステップではありません。バックアップポリシーはバックアップのスケジュールと保持設定を定義しますが、Azure Recovery ServicesでVMを保護するために必要な初期ステップではありません。,新しいサブスクリプションを作成する。,新しいサブスクリプションを作成することは、Azure Recovery ServicesでVM3とVM4を保護するための正しいステップではありません。Azureのサブスクリプションは請求管理やアクセス制御を管理するために使用され、新しいサブスクリプションを作成する必要はありません。,新しいRecovery Servicesボールトを作成する。,新しいRecovery Servicesボールトを作成することが、Azure Recovery ServicesでVM3とVM4を保護するための正しいステップです。Recovery Servicesボールトは、バックアップデータを保存し、Azureリソース（仮想マシンを含む）のバックアップとリカバリー操作を管理するために使用されます。新しいボールトを作成することで、VM3とVM4を効果的に保護するためにAzure Recovery Servicesを構成できます。ボールトはデータソースと同じ地域に存在する必要があります。,,,,,4,,ビジネス継続ソリューションの設計 (15–20%)
あなたは、サブスクリプションの下に複数のストレージアカウントを定義しています。<img src='https://img-c.udemycdn.com/redactor/raw/practice_test_question/2024-05-07_09-07-28-4e830d4ab4baf3a320136e9665a8c4df.png'>Store3をGRSアカウントに変換できますか？,multiple-choice,はい,はい、Store3をGRS（ジオ冗長ストレージ）アカウントに変換することができます。GRSはデータを二次地域に複製し、地域的な障害が発生した場合でもデータの耐久性と高い可用性を提供します。このオプションは、データの冗長性と災害復旧機能を必要とするアプリケーションに適しています。,いいえ,この記述は不正確です。Store3をGRS（ジオ冗長ストレージ）アカウントに変換することができ、これはデータを二次地域に複製することによって追加のデータ冗長性と災害復旧機能を提供します。このオプションは、重要なアプリケーションのデータの耐久性と可用性を向上させます。,,,,,,,,,1,,ビジネス継続性ソリューションの設計（15–20%）
ある企業がAzureでストレージアカウントを作成し、次のストレージ要件を満たす必要があります：<ul><li>管理者が誤って削除されたすべてのBLOBデータを復元できるようにする。</li><li>削除が発生した後、最大14日間データを復元できる能力を提供する。</li></ul>これらの要件を満たすために使用できるAzureストレージの機能は何ですか？,multiple-choice,CORS,CORS（Cross-Origin Resource Sharing）は、Webページ上の制限されたリソースを、リソースが元々発生したドメインの外の別のドメインから要求できるようにするメカニズムです。Azureストレージにおけるデータ復元や削除とは関連がありません。,静的Webサイト,Azureストレージにおける静的Webサイトホスティングは、HTML、CSS、JavaScriptファイルなどの静的コンテンツをホストできるようにします。データ復元や削除とは関連がありません。,Azure CDN,Azure CDN（Content Delivery Network）は、地理的位置に基づいてユーザーにWebコンテンツを提供する分散型サーバーネットワークです。データ復元や削除とは関連がありません。,ソフトデリート,ソフトデリートは、Azureストレージにおける機能で、管理者が誤って削除されたBLOBデータを復元できるようにします。削除が発生した後、最大14日間のデータ復元を提供し、このシナリオのデータ復元の要件を満たします。,,,,,4,,業務継続ソリューションの設計 (15–20%)
次の詳細に従って、可用性セットを作成します：<img src='https://img-c.udemycdn.com/redactor/raw/practice_test_question/2024-05-07_09-28-53-64ba70edf1c1575a86dcbc262c8936fb.png'>合計で10台の仮想マシンが可用性セットにデプロイされます。計画的なメンテナンス中、利用可能な最小の仮想マシンの数は何台ですか？,multiple-choice,4,,5,,6,10台のVMを3つの更新ドメインに分けると、メンテナンス中に稼働しているVMは最小で6台になります。,8,,,,,,3,,ビジネス継続ソリューションの設計 (15–20%)
ある会社は、Windows Server 2019を運用するオンプレミスのファイルサーバーを保有しており、Windows Admin Centerを通じて管理しています。会社はまた、Azureのサブスクリプションも所有しています。ファイルサーバーが故障した場合のデータ損失を防ぐために、Azure内にソリューションが必要です。それを実現するために、Windows Admin CenterをAzureに登録し、Azure Backupを構成することを計画しています。このソリューションは会社の要件を満たすでしょうか？,multiple-choice,はい,はい、Windows Admin CenterをAzureに登録し、Azure Backupを構成することは、ファイルサーバーが故障した場合のデータ損失を防ぐという会社の要件を満たします。Azure Backupは、オンプレミスサーバーからAzureへのデータバックアップのための信頼性が高く安全な方法を提供し、データが保護され故障時に容易に復元可能であることを確保します。Windows Admin CenterをAzureに登録することで、会社はバックアッププロセスを中央で管理・監視することができ、データ保護のための包括的なソリューションとなります。,いいえ,,,,,,,,,,1,<a href='https://learn.microsoft.com/en-us/windows-server/manage/windows-admin-center/azure/azure-backup'>Windows Admin CenterからAzure BackupでWindowsサーバーをバックアップする | Microsoft Learn</a><a href='https://learn.microsoft.com/en-us/azure/backup/backup-architecture#architecture-direct-backup-of-on-premises-windows-server-machines-or-azure-vm-files-or-folders'>アーキテクチャ概要 - Azure Backup | Microsoft Learn</a><a href='https://learn.microsoft.com/en-us/azure/backup/backup-windows-with-mars-agent'>MARSエージェントを使用したWindowsマシンのバックアップ - Azure Backup | Microsoft Learn</a>,ビジネス継続ソリューションの設計（15〜20％）
リソースグループ内の仮想マシンの設定が変更された際に管理者に通知するタスクを完了するために、Azure Logic Appを実装する必要があります。Logic Apps Designerで、どの3つのコンポーネントを作成しますか？,multi-select,条件制御,Logic Apps Designerの条件制御を使用すると、特定のアクションを実行すべきかどうかを決定する条件を定義できます。このシナリオでは、仮想マシンの設定が変更されたかどうかを確認するために、通知を管理者にトリガーする前に条件制御を使用できます。,アクション,Logic Apps Designerのアクションは、logic appワークフローの一部として実行したい特定のタスクや操作を表します。この場合、条件（仮想マシンの設定変更）が満たされたときに、管理者に通知を送信するアクションを作成します。,変数,Logic Apps Designerの変数は、logic appワークフロー内でデータを保存および操作するために使用されます。変数は一時的なデータや操作の結果を保存するのに便利ですが、仮想マシンの設定が変更されたときに管理者に通知するタスクを実装するために不可欠なコンポーネントではありません。,Azureディスクストレージ,Azureディスクストレージは、仮想マシンの設定が変更された際に管理者に通知するタスクの実装に直接関与するコンポーネントではありません。Azureディスクストレージは通常、データやファイルを保存するために使用され、この特定のシナリオのlogic appワークフローには関連しません。,Azure Event Gridトリガー,Azure Event Gridトリガーは、Azureサービス内で発生するイベントを監視して応答するために使用できるコンポーネントです。この場合、仮想マシンの設定の変更を検出し、管理者に通知するためにlogic appワークフローをトリガーするAzure Event Gridトリガーを作成します。,Azure Service Busトリガー,Azure Service Busトリガーは、仮想マシンの設定が変更された際に管理者に通知するタスクには必要ありません。Azure Service Busは通常、アプリケーションとサービス間での信頼性のあるメッセージキューイングに使用され、仮想マシンなどのAzureリソースの変更を監視および応答することには直接関係しません。,"2,1,5",,インフラソリューションの設計 (30–35%)
次の仮想ネットワークが現在、あなたの組織内に確立されています：<img src='https://img-c.udemycdn.com/redactor/raw/practice_test_question/2024-05-07_09-46-07-e623cd6824ff3bdff454e4a37590be47.png'>あなたは、アドレススペースが10.2.0.0/16の別のネットワークとのピアリング接続を確立する必要があります。このピアリング接続を構成するために最初に取るべきステップは何ですか？,multiple-choice,別のネットワーク用のサービスエンドポイントを構成する。,別のネットワークとのピアリング接続を確立する最初のステップは、サービスエンドポイントを構成することではありません。サービスエンドポイントは、Azureサービスリソースをあなたの仮想ネットワークに安全に接続するために使用されるもので、外部ネットワークとのピアリング接続を確立するためのものではありません。,別のネットワーク用のサービスエンドポイントを構成する。,別のネットワークとのピアリング接続を確立する最初のステップは、サービスエンドポイントを構成することではありません。サービスエンドポイントは、Azureサービスリソースをあなたの仮想ネットワークに安全に接続するために使用されるもので、外部ネットワークとのピアリング接続を確立するためのものではありません。,画像に示されているネットワーク用のサブネットを作成する。,画像に示されているネットワーク用のサブネットを作成するのは、別のネットワークとのピアリング接続を構成する最初のステップではありません。サブネットは、仮想ネットワーク内のリソースを整理しセグメント化するために使用されますが、外部ネットワークとのピアリング接続を確立することには直接関係ありません。,画像に示されているネットワークのアドレススペースを変更する。,画像に示されているネットワークのアドレススペースを変更することが、別のネットワークとのピアリング接続を構成するために最初に取るべきステップです。アドレススペースを変更することで、2つのネットワーク間のIP範囲が重複しないようにすることができ、成功するピアリング接続には不可欠です。,,,,,4,,インフラストラクチャソリューションの設計 (30～35%)
あなたの会社は、異なるリージョンに2つのAzure仮想マシンを展開しました。各仮想マシンには、ネットワークインターフェイスに公開IPアドレスが割り当てられています。両方の仮想マシンにはアプリケーションがインストールされています。Azure Front Doorを使用して仮想マシン間の負荷分散を実装する必要があります。また、仮想マシンのアプリケーションがAzure Front Doorからルーティングされたトラフィックのみを受け入れるようにする必要があります。この要件を達成する方法は何ですか？,multiple-choice,Azure Private Link,Azure Private Linkは、Azure PaaSサービスを仮想ネットワークに安全に接続するために使用されます。これは、Azure Front Doorを使用して仮想マシン間の負荷分散を実装したり、トラフィックをAzure Front Doorからのみ受け入れるように制限することには直接関係ありません。,Service Endpoints,Service Endpointsは、Azureサービスリソースを仮想ネットワークに対して保護することを可能にします。これはAzureサービスへのアクセスを保護するのに役立ちますが、Azure Front Doorを使用して仮想マシン間の負荷分散を実装したり、トラフィックをAzure Front Doorからのみ受け入れるように制限するには最も適切な選択肢ではありません。,サービスタグを使用したネットワークセキュリティグループ,サービスタグを使用したネットワークセキュリティグループ（NSG）では、事前定義されたAzureサービスタグに基づいてセキュリティルールを定義できます。サービスタグを使用してNSGを構成することで、トラフィックをAzure Front Doorからのみ来るように制限し、仮想マシン間の負荷分散を実装できます。この選択肢は、質問で提供された要件に合致しています。,アプリケーションセキュリティグループを使用したネットワークセキュリティグループ,アプリケーションセキュリティグループを使用したネットワークセキュリティグループ（NSG）では、アプリケーション特有の基準に基づいてセキュリティルールを定義できます。特定のアプリケーションへのアクセスを確保するのに役立ちますが、Azure Front Doorを使用して仮想マシン間の負荷分散を実装したり、トラフィックをAzure Front Doorからのみ受け入れるように制限するには最も適切な選択肢ではありません。,,,,,3,,インフラストラクチャソリューションの設計（30–35％）
ある企業がWebアプリケーションをAzureに展開する計画を立てており、以下の要件があります：<ul><li>トラフィックはレイヤー7で負荷分散されるべきです。</li><li>WebアプリケーションはSQLインジェクション攻撃から保護されるべきです。</li><li>クッキーに基づくセッションアフィニティが実装されるべきです。</li></ul>これらの要件を満たすために、企業にどのAzureサービスを推薦しますか？,multiple-choice,Azure Load Balancer,Azure Load BalancerはOSIモデルのレイヤー4で動作し、ネットワークトラフィックに基づいた基本的な負荷分散機能を提供します。ただし、レイヤー7での負荷分散やSQLインジェクション攻撃からの保護は提供しません。,Azure Traffic Manager,Azure Traffic ManagerはDNSベースのトラフィック負荷分散機能を持ち、ユーザートラフィックを複数のエンドポイントに分散します。負荷分散には役立ちますが、SQLインジェクション攻撃からの保護やクッキーに基づくセッションアフィニティのサポートはありません。,Azure Application Gateway with WAF,Azure Application Gatewayはレイヤー7の負荷分散機能を持ち、URLパスやホストヘッダーに基づいてトラフィックをルーティングできるため、レイヤー7での負荷分散に適しています。また、SQLインジェクション攻撃から保護するためのWeb Application Firewall (WAF)機能を含み、クッキーに基づくセッションアフィニティをサポートしています。,Azure Network Watcher,Azure Network Watcherはネットワークパフォーマンスやセキュリティに関する洞察を提供する監視・診断サービスです。負荷分散機能やSQLインジェクション攻撃からの保護を提供しないため、指定された要件を満たすには不適切です。,,,,,3,<a href='https://learn.microsoft.com/en-us/azure/application-gateway/overview'>Azure Application Gatewayとは | Microsoft Learn</a><a href='https://learn.microsoft.com/en-us/azure/application-gateway/features#session-affinity'>Azure Application Gatewayの機能 | Microsoft Learn</a>,インフラソリューションの設計 (30–35%)
企業はAPI管理のインスタンスを展開し、APIをDDoS攻撃から保護するためのソリューションを必要としています。どのソリューションを推奨しますか？,multiple-choice,ネットワークセキュリティグループ,ネットワークセキュリティグループは、Azureリソースに対する入出力トラフィックを制御するために使用されます。ネットワークのセキュリティを助けることができますが、APIをDDoS攻撃から保護するために特別に設計されているわけではありません。,レート制限,レート制限は、クライアントが指定された時間枠内にAPIに対して行うリクエストの数を制限するソリューションです。これにより、APIが圧倒されるトラフィックの量を制限することでDDoS攻撃を防ぐのに役立ちます。,クォータ,クォータは、クライアントが特定の期間内にAPIから消費できるリソースの量を制限するために使用されます。クォータはリソース使用量を管理するのに役立ちますが、APIをDDoS攻撃から保護するために特別に設計されているわけではありません。,OAuth2,OAuth2は、サードパーティアプリケーションがHTTPサービスへの限定的なアクセスを取得できるようにする認可フレームワークです。OAuth2はAPIへのアクセスを保護するために重要ですが、APIをDDoS攻撃から保護するための直接的なソリューションではありません。,,,,,2,,インフラストラクチャソリューションの設計（30–35％）
ある企業が、異なるAzureリージョンに位置するいくつかのAzure Kubernetesクラスターに複数のアプリケーションを展開する計画を立てています。彼らは、アプリケーションのコンテナイメージを格納するソリューションが必要であり、更新されたコンテナイメージをすべてのAKSクラスターに自動的にレプリケートできる必要があります。この要件に対してどのような推奨をしますか？,multiple-choice,Azure Container Registry (Standard SKU),Azure Container Registry (Standard SKU) は、複数のAKSクラスター全体でのコンテナイメージの自動レプリケーションに必要な高度な機能を持たない基本的なコンテナレジストリサービスを提供します。この特定の要件には必要な機能を提供していません。,Azure Container Registry (Basic SKU),Azure Container Registry (Basic SKU) は、Premium SKUに比べて機能が制限された基本的なコンテナレジストリサービスを提供します。複数のAKSクラスター全体で更新されたコンテナイメージを自動的にレプリケートするための機能は含まれておらず、この要件には適していません。,Azure Content Delivery Network,Azure Content Delivery Networkは、高可用性と高性能を備えたコンテンツをユーザーに配信するために設計されたサービスです。複数のAKSクラスター間でコンテナイメージを保存およびレプリケートすることを目的としていないため、企業の特定の要件には適合しません。,Azure Container Registry (Premium SKU),Azure Container Registry (Premium SKU) は、ジオレプリケーションなどの高度な機能を提供しており、これにより複数のAzureリージョンにわたってコンテナイメージを自動的にレプリケートできます。これは、異なるAzureリージョンで複数のAKSクラスターにアプリケーションをデプロイする企業の要件に最適な選択です。,,,,,4,,インフラストラクチャソリューションの設計 (30–35%)
あなたの会社には、「GetCloudSkills-RG」というリソースグループを含むAzureサブスクリプションがあります。このリソースグループには一連の仮想マシンがあります。現在、「GetCloudSkillsAdmin」というAzure ADグループは、このリソースグループに対して「Contributor」ロールを持っています。あなたのタスクは、次のセキュリティ対策を実装することです。1. Azure ADグループ「GetCloudSkillsAdmin」のユーザーが仮想マシンに外部IPアドレスを割り当てられないようにすること。2. Azure ADグループ「GetCloudSkillsAdmin」のユーザーが共有外部IPアドレスを介してのみ仮想マシンに接続できるようにすること。最初の要件、すなわち、「GetCloudSkillsAdmin」グループのユーザーが仮想マシンに外部IPアドレスを割り当てることを防ぐソリューションを特定する必要があります。,multiple-choice,Azure Policy,Azure Policyを使用すると、組織の基準やセキュリティ要件に適合するように、Azureリソースに特定のルールや条件を強制できます。仮想マシンへの外部IPアドレスの割り当てを制限するポリシーを作成することで、「GetCloudSkillsAdmin」グループのユーザーがこのアクションを実行することを防ぐことができます。,Azure Bastion,Azure Bastionは、Azureポータルを介して仮想マシンに安全かつシームレスにRDPおよびSSHアクセスを提供するサービスです。これは、VMへのリモートアクセスのセキュリティを強化しますが、仮想マシンへの外部IPアドレスの割り当てを防ぐという特定の要件には対処していません。,Virtual network service endpoints,Virtual Network Service Endpointsは、特定のサブネットからAzureサービスリソースへのアクセスを制限することにより、Azureサービスリソースを保護することができます。この機能はネットワークのセキュリティを強化しますが、仮想マシンに外部IPアドレスを割り当てることを防ぐという要件には直接的には対処していません。,Azure Firewall,Azure Firewallは、Azure Virtual Networkリソースを保護する管理されたクラウドベースのネットワークセキュリティサービスです。高度な脅威保護とネットワークセキュリティ機能を提供しますが、「GetCloudSkillsAdmin」グループのユーザーが仮想マシンに外部IPアドレスを割り当てることを防ぐための具体的なソリューションは提供していません。,,,,,1,,アイデンティティ、ガバナンス、監視ソリューションの設計 (25–30%)
